;n;metric
0;0;0.6885657626390457
1;0;0.6827986162900924
2;0;0.6847006538510323
3;0;0.6457389777898789
4;0;0.6041217592358589
5;0;0.5857825130224228
6;0;0.5512482146918773
7;0;0.45425764471292496
8;0;0.48130301728844643
9;0;0.3809080523252487
10;0;0.43911838963627814
11;0;0.392205314040184
12;0;0.3125764708220959
13;0;0.3968377286940813
14;0;0.3437871108949184
15;0;0.2860159283131361
16;0;0.34152332961559295
17;0;0.2941271325200796
18;0;0.23006577983498575
19;0;0.299415325820446
20;0;0.2828472809493542
21;0;0.1960949770361185
22;0;0.22681830145418644
23;0;0.21526236660778522
24;0;0.16864447697997093
25;0;0.17385486274957657
26;0;0.1904219827055931
27;0;0.13831713132560253
28;0;0.09142909780144691
29;0;0.20309920728206635
30;0;0.10833017379045487
31;0;0.14473032034933567
32;0;0.12955867297947407
33;0;0.10711195632815361
34;0;0.09538622245192528
35;0;0.13924874551594257
36;0;0.09719116263091564
37;0;0.08914022348821163
38;0;0.11801116175949573
39;0;0.10125576451420784
40;0;0.10054673925042153
41;0;0.11649653859436512
42;0;0.07263025045394897
43;0;0.03394570700824261
44;0;0.10845441184937954
45;0;0.0609576503187418
46;0;0.07394870109856129
47;0;0.0902340392768383
48;0;0.03799232736229897
49;0;0.06431525647640228
50;0;0.024994916543364526
51;0;0.02270767718553543
52;0;0.06863382905721664
53;0;0.15266446970403194
54;0;0.015634912848472595
55;0;0.05191244922578335
56;0;0.04225461356341839
57;0;0.03609035894274712
58;0;0.01824207730591297
59;0;0.021479148343205454
60;0;0.01948972150683403
61;0;0.017719189822673797
62;0;0.015114693120121956
63;0;0.020018436908721925
64;0;0.009321742206811905
65;0;0.036988420337438585
66;0;0.09615874521434307
67;0;0.10868688359856606
68;0;0.04378727175295353
69;0;0.01509929172694683
70;0;0.023708059191703795
71;0;0.04501676991581917
72;0;0.004127556681632996
73;0;0.01589482381939888
74;0;0.01996383547782898
75;0;0.01061958134174347
76;0;0.00094899982213974
77;0;0.007712945118546486
78;0;0.0057448107749223706
79;0;0.004206225574016571
80;0;0.013125674724578857
81;0;0.00477305106818676
82;0;0.006249001175165176
83;0;0.008949439972639084
84;0;0.008811990916728973
85;0;0.00436485193669796
86;0;0.0020601201057434083
87;0;0.00016582846641540527
88;0;0.00936997689306736
89;0;0.00458168938755989
90;1;0.6901725655794144
91;1;0.6856268131732941
92;1;0.6596748995780944
93;1;0.6068041284382343
94;1;0.5654098784923554
95;1;0.5727590662240982
96;1;0.5165752090513707
97;1;0.46415894731879237
98;1;0.45507584407925605
99;1;0.3651858889311552
100;1;0.40488828867673876
101;1;0.3754992298781872
102;1;0.3083740717172623
103;1;0.38511474266648293
104;1;0.36903910122811795
105;1;0.2857451748847961
106;1;0.3102206702530384
107;1;0.29491398863494395
108;1;0.2456013797223568
109;1;0.25369226865470407
110;1;0.2786066548526287
111;1;0.18779182247817516
112;1;0.24905135348439217
113;1;0.2471884721517563
114;1;0.16552171535789967
115;1;0.1959947223216295
116;1;0.19143542423844337
117;1;0.23981367632746697
118;1;0.20610454604029654
119;1;0.14998975783586502
120;1;0.11068987540900707
121;1;0.18225373104214668
122;1;0.13922017090022565
123;1;0.06652657918632031
124;1;0.11858048066496849
125;1;0.12492283664643765
126;1;0.10029337480664254
127;1;0.11831045292317867
128;1;0.149745452105999
129;1;0.08263728506863117
130;1;0.10109829224646091
131;1;0.08914396345615387
132;1;0.027240584567189217
133;1;0.09550598710775375
134;1;0.08033812962472439
135;1;0.039547967091202736
136;1;0.11468237109482288
137;1;0.06564648129045964
138;1;0.08403252586722373
139;1;0.024460248053073883
140;1;0.04187680095434189
141;1;0.043092021495103834
142;1;0.06695566698908806
143;1;0.10314841061830521
144;1;0.0471327868103981
145;1;0.16866022072732448
146;1;0.05099085457623005
147;1;0.07403591193258763
148;1;0.019354781433939934
149;1;0.02354297861456871
150;1;0.08015786334872246
151;1;0.038133725821971894
152;1;0.04564255625009537
153;1;0.016291372328996658
154;1;0.028738303184509276
155;1;0.012181426957249641
156;1;0.005669509768486023
157;1;0.009213014245033265
158;1;0.0417521084100008
159;1;0.04096708565950394
160;1;0.07785677649080754
161;1;0.09747642703354359
162;1;0.01730337254703045
163;1;0.012791584581136703
164;1;0.02226043552160263
165;1;0.005824168026447296
166;1;0.01827862724661827
167;1;0.01047544665634632
168;1;0.04986707128584385
169;1;0.019524795338511466
170;1;0.009269028604030609
171;1;0.008390664681792259
172;1;0.005358075052499771
173;1;0.007903764620423318
174;1;0.007206093817949295
175;1;0.00402163490653038
176;1;0.0013252915441989898
177;1;0.00047076135873794553
178;1;0.006116249412298202
179;1;0.006709405928850174
180;2;0.6897063976526261
181;2;0.6784243857860566
182;2;0.6816060066223144
183;2;0.6186042505502701
184;2;0.5796240182220935
185;2;0.5723886913061143
186;2;0.46986197501420973
187;2;0.43773674562573434
188;2;0.4207383058965206
189;2;0.37779093891382215
190;2;0.40091320402920244
191;2;0.3641144722700119
192;2;0.3218514309823513
193;2;0.31903428487479685
194;2;0.33007967822253703
195;2;0.2869225991517305
196;2;0.34082783952355383
197;2;0.32418769769370553
198;2;0.24852611422538756
199;2;0.2710282201319933
200;2;0.298526745736599
201;2;0.1666313360631466
202;2;0.2462644974142313
203;2;0.2245373894274235
204;2;0.17876985214650631
205;2;0.19915684580802917
206;2;0.1874904704838991
207;2;0.1505022232979536
208;2;0.1619905061274767
209;2;0.17083006389439107
210;2;0.13510533079504966
211;2;0.1259697150439024
212;2;0.17355473220348358
213;2;0.09517421200871468
214;2;0.1270806932449341
215;2;0.11587296292185784
216;2;0.05805519588291645
217;2;0.07457308173179626
218;2;0.146898253262043
219;2;0.06402291595935822
220;2;0.062253532633185386
221;2;0.08890186563134193
222;2;0.05655415393412113
223;2;0.09530678734183312
224;2;0.11673552706837655
225;2;0.10538728527724743
226;2;0.07567484691739082
227;2;0.09331677839159966
228;2;0.01652961805462837
229;2;0.05892439611256123
230;2;0.07994099698960781
231;2;0.04570936314761639
232;2;0.06665748156607151
233;2;0.04718317948281765
234;2;0.019564369022846223
235;2;0.14390521235764026
236;2;0.05920045584440231
237;2;0.022996775805950165
238;2;0.04336181879043579
239;2;0.028687330409884453
240;2;0.021086844578385354
241;2;0.011014750301837921
242;2;0.009845863208174705
243;2;0.03134135529398918
244;2;0.007837600633502006
245;2;0.16838851250708103
246;2;0.04589441224932671
247;2;0.044765274971723557
248;2;0.03742673367261887
249;2;0.027626980915665626
250;2;0.015421556532382965
251;2;0.04309802457690239
252;2;0.008117312788963318
253;2;0.004767609834671021
254;2;0.00867364466190338
255;2;0.11429138734936714
256;2;0.07401553191244602
257;2;0.03250315770506859
258;2;0.0034476444125175476
259;2;0.028782903850078582
260;2;0.01580418035387993
261;2;0.00857234925031662
262;2;0.03342786550521851
263;2;0.013342405706644057
264;2;0.002969450056552887
265;2;0.006733580678701401
266;2;0.0038521522283554077
267;2;0.0018780075013637542
268;2;0.0009625467658042907
269;2;0.006998929679393768
270;3;0.693460282087326
271;3;0.6823839116096496
272;3;0.683231869339943
273;3;0.6666761580109596
274;3;0.6104930147528649
275;3;0.5582870629429817
276;3;0.48769688040018083
277;3;0.5057156561315059
278;3;0.4442217306792736
279;3;0.43202594861388205
280;3;0.42439943850040435
281;3;0.3887569341808558
282;3;0.3929293094575405
283;3;0.3680969940125942
284;3;0.3205647358298302
285;3;0.3058781407028437
286;3;0.34704184472560884
287;3;0.24452157974243163
288;3;0.23801948726177216
289;3;0.2990624223649502
290;3;0.22800262853503228
291;3;0.21272683307528495
292;3;0.2566753301769495
293;3;0.23966114938259125
294;3;0.1552337095141411
295;3;0.1845856362581253
296;3;0.2533165820688009
297;3;0.17054492063820362
298;3;0.14773391097784042
299;3;0.24974857829511166
300;3;0.1356367415934801
301;3;0.12470163598656654
302;3;0.2301444884389639
303;3;0.10392184764146804
304;3;0.14470889613032342
305;3;0.1276348327845335
306;3;0.08767936989665032
307;3;0.0687125226855278
308;3;0.1758884032815695
309;3;0.06838119216263294
310;3;0.17372967496514322
311;3;0.17534696616232395
312;3;0.044849205538630484
313;3;0.09602424278855323
314;3;0.09252772383391857
315;3;0.07165455602109433
316;3;0.05474331691861153
317;3;0.08594835951924323
318;3;0.04084587618708611
319;3;0.03523931078612805
320;3;0.13989409759640695
321;3;0.019977332502603532
322;3;0.07489925175905228
323;3;0.060416093692183495
324;3;0.04226966381072998
325;3;0.02854041740298271
326;3;0.052554081231355666
327;3;0.0383940876275301
328;3;0.0594493406265974
329;3;0.08031242452561856
330;3;0.06360794559121132
331;3;0.037230584770441055
332;3;0.009846984446048736
333;3;0.00469636932015419
334;3;0.021771978735923767
335;3;0.0367607806622982
336;3;0.037514213994145396
337;3;0.021572704315185546
338;3;0.027613406628370286
339;3;0.005816471576690674
340;3;0.0018280015885829926
341;3;0.0069904071092605595
342;3;0.013474908471107484
343;3;0.0056725796312093735
344;3;0.01518398642539978
345;3;0.05641812734305859
346;3;0.053397320359945294
347;3;0.06451519139111042
348;3;0.03314427748322487
349;3;0.01618784599006176
350;3;0.010810258910059928
351;3;0.028914161920547486
352;3;0.06381695680320262
353;3;0.09793606251478196
354;3;0.020100043267011643
355;3;0.030782188326120376
356;3;0.009895353764295577
357;3;0.0032688146829605103
358;3;0.014454410970211029
359;3;0.016984094828367234
360;4;0.6912647366523743
361;4;0.6669815710186958
362;4;0.6676721832156182
363;4;0.6059203135967255
364;4;0.572152998149395
365;4;0.4844317983090878
366;4;0.4457114024460316
367;4;0.43442207798361776
368;4;0.4537690028548241
369;4;0.34611041478812693
370;4;0.34304322630167006
371;4;0.374290668964386
372;4;0.3201198345422745
373;4;0.33956077553331854
374;4;0.3062660139799118
375;4;0.2791121081262827
376;4;0.25634533546864985
377;4;0.28759845048189164
378;4;0.2327335637062788
379;4;0.23491512328386308
380;4;0.2040972376614809
381;4;0.14924308605492115
382;4;0.15556012399494648
383;4;0.28514220118522643
384;4;0.15611031346023083
385;4;0.17995682217180728
386;4;0.18377591386437417
387;4;0.13528970167040824
388;4;0.1526121785491705
389;4;0.18811872065067292
390;4;0.12498573504388333
391;4;0.15288025230169297
392;4;0.12293200545012951
393;4;0.12712729439139367
394;4;0.09129613429307938
395;4;0.13354197971522808
396;4;0.06467469058930873
397;4;0.04714706644415855
398;4;0.07929558858275414
399;4;0.22114706933498382
400;4;0.09746539138257504
401;4;0.07805504962801933
402;4;0.09456274822354317
403;4;0.08839965283870697
404;4;0.09827240854501725
405;4;0.03081608682870865
406;4;0.07714854784309864
407;4;0.07425454072654247
408;4;0.07890149638056755
409;4;0.06873791590332985
410;4;0.05029018245637417
411;4;0.06843809694051743
412;4;0.11402967236936093
413;4;0.10769189551472663
414;4;0.03343141756951809
415;4;0.07442927300930023
416;4;0.06787729293107986
417;4;0.023142254948616027
418;4;0.0768882355839014
419;4;0.023795879632234573
420;4;0.009845873415470123
421;4;0.007372458279132843
422;4;0.010325858145952225
423;4;0.017980180084705352
424;4;0.03261281222105026
425;4;0.031990114003419876
426;4;0.013203855156898498
427;4;0.05919493831694126
428;4;0.03879972398281097
429;4;0.04467325389385223
430;4;0.031099518314003944
431;4;0.05689349852502346
432;4;0.014764012396335601
433;4;0.018945433497428894
434;4;0.003613016381859779
435;4;0.002667729556560516
436;4;0.0042357206344604496
437;4;0.014368597865104676
438;4;0.008456804007291794
439;4;0.011958156526088715
440;4;0.006186106950044632
441;4;0.005121440663933754
442;4;0.008124229311943055
443;4;0.07382630340754986
444;4;0.01660700634121895
445;4;0.11829275146126747
446;4;0.06281199276447297
447;4;0.021285707503557204
448;4;0.02233276017010212
449;4;0.04624194540083408
450;5;0.6905439442396164
451;5;0.6793814891576767
452;5;0.6427825385332108
453;5;0.56219014570117
454;5;0.5417638543248177
455;5;0.5286933559179307
456;5;0.435354225486517
457;5;0.39583454355597497
458;5;0.4689985950291157
459;5;0.4083578455448151
460;5;0.3572413198649883
461;5;0.42658581167459486
462;5;0.33710960902273657
463;5;0.3031592895835638
464;5;0.3135862325131893
465;5;0.2584403762221336
466;5;0.30303811505436895
467;5;0.3307941122353077
468;5;0.2291664032638073
469;5;0.21476534709334374
470;5;0.21977173693478108
471;5;0.1480834870785475
472;5;0.2363021408766508
473;5;0.253660716637969
474;5;0.21060235418379306
475;5;0.16835212513804435
476;5;0.16088171146810054
477;5;0.189731949493289
478;5;0.1435197687149048
479;5;0.1447223823517561
480;5;0.13748563170433045
481;5;0.12444406159222127
482;5;0.1533963993191719
483;5;0.09867831327021122
484;5;0.10711580023169517
485;5;0.12312972106039524
486;5;0.06736245445907116
487;5;0.09081834748387337
488;5;0.13101627469062804
489;5;0.09308976605534554
490;5;0.115609375461936
491;5;0.14661930404603482
492;5;0.04450911827385426
493;5;0.05274000436067581
494;5;0.09446719147264958
495;5;0.088168201521039
496;5;0.11774472884833813
497;5;0.08025515079498291
498;5;0.06525906823575496
499;5;0.06528111048042774
500;5;0.0582805646955967
501;5;0.04403974637389183
502;5;0.038957665637135507
503;5;0.03217923209071159
504;5;0.036547409817576405
505;5;0.04491503670811653
506;5;0.07917208485305309
507;5;0.02670626014471054
508;5;0.04620165504515171
509;5;0.031046273708343505
510;5;0.06781174823641777
511;5;0.019156424924731255
512;5;0.007094068378210068
513;5;0.006167273223400116
514;5;0.007158514708280563
515;5;0.004919395297765732
516;5;0.06283119082450866
517;5;0.03398621030151844
518;5;0.011336662620306016
519;5;0.006002161651849747
520;5;0.009852128028869629
521;5;0.017667823508381843
522;5;0.037789380624890324
523;5;0.06978842064738273
524;5;0.08612822242081165
525;5;0.04403296984732151
526;5;0.007952544912695885
527;5;0.04621696643531323
528;5;0.019777176678180696
529;5;0.03803584821522236
530;5;0.03600570291280746
531;5;0.0036076391488313675
532;5;0.002287379652261734
533;5;0.012406093403697013
534;5;0.003431291729211807
535;5;0.006907545626163482
536;5;0.012524958848953247
537;5;0.0019952899217605593
538;5;0.004250313639640808
539;5;0.0054786142706871035
540;6;0.6928242141008377
541;6;0.6808051109313965
542;6;0.6545874345302581
543;6;0.61373864158988
544;6;0.5899758739769458
545;6;0.5151865524053574
546;6;0.4678343749046326
547;6;0.464544311016798
548;6;0.4908200360089541
549;6;0.4265652856975794
550;6;0.4060315936803818
551;6;0.3773952244222164
552;6;0.35172706581652163
553;6;0.32913462951779365
554;6;0.3190983249992132
555;6;0.3046730561554432
556;6;0.31895415306091307
557;6;0.3016812669485807
558;6;0.27685093715786935
559;6;0.20955486230552198
560;6;0.24756102107465267
561;6;0.22568995118141175
562;6;0.2404398985952139
563;6;0.24664529353380205
564;6;0.18185653634369373
565;6;0.16521148718893527
566;6;0.23707040838897228
567;6;0.186367746591568
568;6;0.19874304972589016
569;6;0.1509089131653309
570;6;0.13809538178145886
571;6;0.17323452547192575
572;6;0.1703332656621933
573;6;0.10258520789444446
574;6;0.1269366319477558
575;6;0.13459312841296195
576;6;0.07662565685808659
577;6;0.09924873612821102
578;6;0.05721762515604496
579;6;0.0321676804125309
580;6;0.062156969234347346
581;6;0.08546878725290298
582;6;0.05843026250600815
583;6;0.16276999704539777
584;6;0.17046592727303506
585;6;0.06731229893863201
586;6;0.054689116030931476
587;6;0.03162548616528511
588;6;0.0881604177504778
589;6;0.11350504852831364
590;6;0.07719136469066143
591;6;0.046010647490620615
592;6;0.049735601767897604
593;6;0.06647315122187138
594;6;0.049289051070809366
595;6;0.048002624586224556
596;6;0.035529988184571266
597;6;0.040140446797013285
598;6;0.06579173415899277
599;6;0.038773259222507475
600;6;0.013182269185781479
601;6;0.03326892614364624
602;6;0.03756515875458717
603;6;0.032228318378329276
604;6;0.02179127335548401
605;6;0.07510108068585396
606;6;0.020463555678725244
607;6;0.010841744095087051
608;6;0.018427166789770126
609;6;0.0056774233281612395
610;6;0.013363017439842225
611;6;0.007873900532722473
612;6;0.006756133884191513
613;6;0.009236921072006226
614;6;0.002012181729078293
615;6;0.003251907080411911
616;6;0.007128115743398666
617;6;0.004211303442716598
618;6;0.017166251093149187
619;6;0.02031188353896141
620;6;0.005627285689115524
621;6;0.0055599743127822876
622;6;0.02076060399413109
623;6;0.015280489549040795
624;6;0.003930862247943878
625;6;0.007505451291799545
626;6;0.0042716960608959196
627;6;0.00248222216963768
628;6;0.0008973443508148194
629;6;0.0037947969138622285
630;7;0.691777651309967
631;7;0.68351626932621
632;7;0.6457657140493392
633;7;0.6253001403808593
634;7;0.603870940208435
635;7;0.5782077941298485
636;7;0.47736688986420633
637;7;0.45419602692127226
638;7;0.4882684414088726
639;7;0.4387025138735771
640;7;0.4032447947561741
641;7;0.36515234656631945
642;7;0.32682334139943126
643;7;0.36357938185334204
644;7;0.3707198616862297
645;7;0.30724888905882836
646;7;0.33535733073949814
647;7;0.3208433509618044
648;7;0.27227540127933025
649;7;0.25840170226991177
650;7;0.2543446395546198
651;7;0.23161417201161386
652;7;0.2461897027492523
653;7;0.19934169501066207
654;7;0.17430769748985767
655;7;0.17237996585667134
656;7;0.22110353864729404
657;7;0.13634311623871326
658;7;0.21628247439861298
659;7;0.19826044395565987
660;7;0.127895672544837
661;7;0.1327695619314909
662;7;0.190374700948596
663;7;0.11798060327768325
664;7;0.13695631705224515
665;7;0.15214236326515673
666;7;0.12683017395436763
667;7;0.09710996322333813
668;7;0.15966022431850432
669;7;0.07229358419775962
670;7;0.10239574715495109
671;7;0.07115361049771309
672;7;0.07552188508212566
673;7;0.09651878550648689
674;7;0.13558944851160049
675;7;0.07036146327853203
676;7;0.05424962066113949
677;7;0.10160337261855602
678;7;0.06860194966197014
679;7;0.0739112713932991
680;7;0.1041156779974699
681;7;0.07231543973088264
682;7;0.04465397492051124
683;7;0.16468198284506796
684;7;0.06637326776981353
685;7;0.0679518610239029
686;7;0.06888618439435959
687;7;0.039346415251493454
688;7;0.07284596018493175
689;7;0.0777079289406538
690;7;0.023880716636776923
691;7;0.09714389994740485
692;7;0.05279342360794544
693;7;0.009837344661355019
694;7;0.02049053192138672
695;7;0.0698955775052309
696;7;0.033873512521386144
697;7;0.02248745508491993
698;7;0.02555082559585571
699;7;0.033763673603534695
700;7;0.020629177689552306
701;7;0.010961708575487138
702;7;0.009958589896559716
703;7;0.012122524827718735
704;7;0.0014120593667030334
705;7;0.008113555312156677
706;7;0.005536261051893234
707;7;0.007090951204299927
708;7;0.002613721191883087
709;7;0.0022814106941223145
710;7;0.007367290556430817
711;7;0.007239533215761184
712;7;0.0023667995631694795
713;7;0.005909966081380844
714;7;0.0032144474983215334
715;7;0.007453736960887909
716;7;0.0048106791079044345
717;7;0.003961482346057892
718;7;0.003185519576072693
719;7;0.002793100327253342
720;8;0.684296498298645
721;8;0.674892980158329
722;8;0.6482781833410263
723;8;0.5998340910673141
724;8;0.5605014495551586
725;8;0.5299139474332333
726;8;0.5174252781271934
727;8;0.4254040083289146
728;8;0.4559369184076786
729;8;0.43575963512063026
730;8;0.4372733445465565
731;8;0.3882713654637337
732;8;0.3527157934010029
733;8;0.3763785707950592
734;8;0.30737777456641197
735;8;0.2960510366410017
736;8;0.321313216984272
737;8;0.32912940010428426
738;8;0.27505834415555
739;8;0.23497487418353558
740;8;0.27663346953690054
741;8;0.21544832713901996
742;8;0.21288476951420307
743;8;0.21271072946488856
744;8;0.21060632795095444
745;8;0.20385631166398524
746;8;0.18514100223779678
747;8;0.18975321315228938
748;8;0.1785242260992527
749;8;0.20571020990610123
750;8;0.13799964845180512
751;8;0.17107334770262242
752;8;0.1760497733950615
753;8;0.10609665475785732
754;8;0.14214587196707726
755;8;0.14154844000935554
756;8;0.11415369816124439
757;8;0.09261921271681786
758;8;0.10824882701039314
759;8;0.0611754933744669
760;8;0.10154460027813911
761;8;0.13822272270917893
762;8;0.08867080368101597
763;8;0.10331894218921661
764;8;0.11566037215292453
765;8;0.057984877079725265
766;8;0.08717352002859116
767;8;0.12936432279646395
768;8;0.07846253052353859
769;8;0.10947157889604568
770;8;0.09823905639350414
771;8;0.02938884064555168
772;8;0.023640540391206742
773;8;0.10305160038173199
774;8;0.021893027275800704
775;8;0.022114019617438318
776;8;0.037759657204151156
777;8;0.10551007486879825
778;8;0.04972966462373733
779;8;0.05247198686003685
780;8;0.028025529757142068
781;8;0.06853348150849342
782;8;0.021343456730246544
783;8;0.02825348287820816
784;8;0.01751198247075081
785;8;0.026510880514979362
786;8;0.057278387919068335
787;8;0.027393075227737426
788;8;0.06246018014848232
789;8;0.04196188285946846
790;8;0.029514350891113282
791;8;0.03871052876114845
792;8;0.055591886267066
793;8;0.046168759167194366
794;8;0.015038422495126724
795;8;0.025613076239824294
796;8;0.017447515055537224
797;8;0.02210433818399906
798;8;0.020115514248609544
799;8;0.010674975961446762
800;8;0.0284471121430397
801;8;0.013211461752653121
802;8;0.004031710177659988
803;8;0.016032814383506774
804;8;0.00827832818031311
805;8;0.015519108772277832
806;8;0.03260970965027809
807;8;0.012865014225244522
808;8;0.013468899726867677
809;8;0.005061056762933731
810;9;0.6738461896777153
811;9;0.6889093714952469
812;9;0.653929238319397
813;9;0.6016806779801845
814;9;0.5859622918069363
815;9;0.552135749310255
816;9;0.4456509581208229
817;9;0.4348338159173727
818;9;0.49147008076310156
819;9;0.3603355097025633
820;9;0.3539106937497854
821;9;0.4132964763045311
822;9;0.3285097613930702
823;9;0.29808188915252687
824;9;0.3218919518589973
825;9;0.23927522532641887
826;9;0.31514210991561414
827;9;0.2502425404638052
828;9;0.21627413168549536
829;9;0.2769700959324837
830;9;0.25493738569319246
831;9;0.19262459874153137
832;9;0.20790780290961267
833;9;0.20011974707245828
834;9;0.15320588201284407
835;9;0.16221681028604507
836;9;0.15692825019359588
837;9;0.13812798276543617
838;9;0.22650842353701592
839;9;0.17274612367153167
840;9;0.09966457225382327
841;9;0.13255598343908787
842;9;0.1325795328617096
843;9;0.1281715390831232
844;9;0.1028075785934925
845;9;0.07752276986837386
846;9;0.08626382395625115
847;9;0.16572290174663068
848;9;0.1050688637048006
849;9;0.04792838834226131
850;9;0.06907892629504203
851;9;0.17534826569259165
852;9;0.0764681101590395
853;9;0.06458194479346276
854;9;0.0836942159384489
855;9;0.07026702515780926
856;9;0.031242237463593482
857;9;0.08526581376791001
858;9;0.07969856321811676
859;9;0.044019997343420984
860;9;0.04724019609391689
861;9;0.062211625725030896
862;9;0.046151836290955546
863;9;0.07903142496943474
864;9;0.023646942675113677
865;9;0.029513357058167457
866;9;0.06249066561460495
867;9;0.12593199692666532
868;9;0.053931628540158275
869;9;0.06852123036980629
870;9;0.05283280551433563
871;9;0.04071434572339058
872;9;0.02183969773352146
873;9;0.04816597439348698
874;9;0.013236927688121796
875;9;0.00704975426197052
876;9;0.008638095259666443
877;9;0.0016434353590011597
878;9;0.012925323694944382
879;9;0.04086232528090477
880;9;0.01551875337958336
881;9;0.05589839346706867
882;9;0.03301918774843216
883;9;0.017496063485741616
884;9;0.06219964981079101
885;9;0.0380382876843214
886;9;0.03877230495214462
887;9;0.024993463307619094
888;9;0.026797942593693735
889;9;0.04156673103570938
890;9;0.01679995469748974
891;9;0.005377706289291382
892;9;0.004953958690166473
893;9;0.003149579018354416
894;9;0.0031045734882354735
895;9;0.0023134076595306397
896;9;0.004902718886733055
897;9;0.0017920267581939698
898;9;0.0036400221288204193
899;9;0.0003086242079734802
900;10;0.6913717961311341
901;10;0.6753655922412872
902;10;0.6717974549531937
903;10;0.6042762242257596
904;10;0.5910204164683819
905;10;0.5611511085927486
906;10;0.4536092323064804
907;10;0.4665049159526825
908;10;0.4245067730545998
909;10;0.36348320826888086
910;10;0.3977702321112156
911;10;0.3805437272042036
912;10;0.3426598263531923
913;10;0.37470858700573445
914;10;0.3165622318536043
915;10;0.2780755415558815
916;10;0.2796098017692566
917;10;0.25486733473837375
918;10;0.236159747838974
919;10;0.20638836793601512
920;10;0.22969962120056153
921;10;0.20064787611365317
922;10;0.2004932601749897
923;10;0.23624565340578557
924;10;0.15408605322241783
925;10;0.21491368927061558
926;10;0.2122903171926737
927;10;0.16583928495645522
928;10;0.15968131266534327
929;10;0.17830839194357395
930;10;0.11097041442990303
931;10;0.13047072164714335
932;10;0.14965767048299314
933;10;0.13717129357159139
934;10;0.12050094485282897
935;10;0.12879703409969806
936;10;0.10445908099412918
937;10;0.14379147432744502
938;10;0.12209088996052742
939;10;0.07079857610166072
940;10;0.0531583596765995
941;10;0.09748150125145912
942;10;0.11305223613977432
943;10;0.09164065085351467
944;10;0.07816170267760754
945;10;0.07703500315546989
946;10;0.09119307808578014
947;10;0.10015102751553058
948;10;0.07744070693850517
949;10;0.03685252264142037
950;10;0.09413428507745265
951;10;0.05216799058020115
952;10;0.0675816459953785
953;10;0.12025514051318169
954;10;0.07744737803936004
955;10;0.12215405009686947
956;10;0.049721693396568296
957;10;0.044445134550333026
958;10;0.01756924644112587
959;10;0.11685271337628364
960;10;0.07043387524783612
961;10;0.044886916279792785
962;10;0.046880156248807904
963;10;0.024289133846759795
964;10;0.023399923890829087
965;10;0.04582661479711533
966;10;0.02680451899766922
967;10;0.019000691324472428
968;10;0.02565792292356491
969;10;0.01324257805943489
970;10;0.022880200743675232
971;10;0.0471034125983715
972;10;0.015313615053892136
973;10;0.023401627391576765
974;10;0.02986734725534916
975;10;0.010447402000427247
976;10;0.0070683078467845915
977;10;0.013854135498404503
978;10;0.005565612614154816
979;10;0.0071388215571641924
980;10;0.0046418365836143494
981;10;0.003742498755455017
982;10;0.024447256699204445
983;10;0.024817962050437927
984;10;0.05292778685688972
985;10;0.020744501799345016
986;10;0.061240016892552374
987;10;0.01582790844142437
988;10;0.005155394673347473
989;10;0.015888463407754898
990;11;0.6768842190504074
991;11;0.7000379335880279
992;11;0.6806838777661324
993;11;0.58502072006464
994;11;0.5831344264745713
995;11;0.5760539259016514
996;11;0.4312910260260105
997;11;0.4239513236284256
998;11;0.4784241423010826
999;11;0.35216314017772676
1000;11;0.34117512360215185
1001;11;0.36962663792073724
1002;11;0.29254909746348856
1003;11;0.336118146777153
1004;11;0.30849625915288925
1005;11;0.2890693825483322
1006;11;0.30599525161087515
1007;11;0.21924919076263905
1008;11;0.21375702492892742
1009;11;0.25540629245340823
1010;11;0.23325289808213712
1011;11;0.17104219734668732
1012;11;0.17730693496763705
1013;11;0.24445226147770882
1014;11;0.15653882786631584
1015;11;0.16902473531663417
1016;11;0.17947793126106262
1017;11;0.13874180257320404
1018;11;0.1438359696418047
1019;11;0.16823030546307563
1020;11;0.12469167463481426
1021;11;0.12347516074776649
1022;11;0.12604404449462892
1023;11;0.09560181267559528
1024;11;0.0960195142775774
1025;11;0.09577248707413673
1026;11;0.0615106450766325
1027;11;0.11291135333478451
1028;11;0.1172522048652172
1029;11;0.05474191673099995
1030;11;0.09768569633364678
1031;11;0.0675827845185995
1032;11;0.05402196913957596
1033;11;0.0585609769821167
1034;11;0.13343813858926296
1035;11;0.08284058824181556
1036;11;0.05669133171439171
1037;11;0.08439798995852471
1038;11;0.03238461822271347
1039;11;0.03399166889488697
1040;11;0.022341537177562713
1041;11;0.011488232761621475
1042;11;0.019972438663244246
1043;11;0.027428909838199615
1044;11;0.008658887296915054
1045;11;0.016245519891381264
1046;11;0.017826556414365768
1047;11;0.011231120824813843
1048;11;0.007693829238414765
1049;11;0.012690804749727249
1050;11;0.006512067466974259
1051;11;0.023076810389757157
1052;11;0.009329808503389358
1053;11;0.003228917717933655
1054;11;0.00527325227856636
1055;11;0.013194356858730317
1056;11;0.002409592866897583
1057;11;0.007439190447330475
1058;11;0.005788306295871734
1059;11;0.0020647743344306946
1060;11;0.005652072131633759
1061;11;0.0061864349246025085
1062;11;0.00524098813533783
1063;11;0.010691746324300765
1064;11;0.00724090039730072
1065;11;0.00972384139895439
1066;11;0.007810353934764862
1067;11;0.005943536311388015
1068;11;0.006219824254512787
1069;11;0.0001535332202911377
1070;11;0.011455870866775512
1071;11;0.004563780874013901
1072;11;0.0043069179356098174
1073;11;0.007192179709672928
1074;11;0.00330211840569973
1075;11;0.006475927233695984
1076;11;0.007716793715953827
1077;11;0.006086038947105407
1078;11;0.005877940505743026
1079;11;0.005815249085426331
1080;12;0.6837283223867416
1081;12;0.6717563861608505
1082;12;0.663561898469925
1083;12;0.6302117705345154
1084;12;0.5934474381804467
1085;12;0.537675211429596
1086;12;0.5203934183716774
1087;12;0.4917059534788132
1088;12;0.4121208988130093
1089;12;0.4022329214215279
1090;12;0.40019026421010495
1091;12;0.38107015676796435
1092;12;0.37521724388003347
1093;12;0.3434991841763258
1094;12;0.3561079512536526
1095;12;0.2936525797843933
1096;12;0.2709921426326036
1097;12;0.34711956307291986
1098;12;0.2766598881781101
1099;12;0.2446718079596758
1100;12;0.2981915636360645
1101;12;0.27062328688800336
1102;12;0.1960960964858532
1103;12;0.2885037162154913
1104;12;0.16642416432499885
1105;12;0.19959583826363086
1106;12;0.2600614758580923
1107;12;0.1905879421532154
1108;12;0.18638260953128338
1109;12;0.21398306503891945
1110;12;0.13010816782712936
1111;12;0.1529348275065422
1112;12;0.1702094106376171
1113;12;0.10490467645227909
1114;12;0.13161609701812269
1115;12;0.17288947075605393
1116;12;0.08222627550363541
1117;12;0.13363267749547958
1118;12;0.13458115890622138
1119;12;0.1667385697364807
1120;12;0.09516183391213417
1121;12;0.09554249428212643
1122;12;0.07784667238593102
1123;12;0.10735453188419342
1124;12;0.09630243740975857
1125;12;0.09410069681704045
1126;12;0.0924525149166584
1127;12;0.07055564969778061
1128;12;0.05671296775341034
1129;12;0.042673313468694685
1130;12;0.06088969945907593
1131;12;0.05023198291659355
1132;12;0.05762980774044991
1133;12;0.06535673171281814
1134;12;0.05331479534506798
1135;12;0.06263881959021092
1136;12;0.1142056580632925
1137;12;0.06060385823249817
1138;12;0.07029048949480057
1139;12;0.055388513058423995
1140;12;0.06363314256072045
1141;12;0.07256324425339698
1142;12;0.04954998061060906
1143;12;0.01851101517677307
1144;12;0.03373855322599411
1145;12;0.08621260158717632
1146;12;0.026872970908880234
1147;12;0.012310059666633606
1148;12;0.04092926107347011
1149;12;0.052019278556108474
1150;12;0.028701589703559877
1151;12;0.05433253437280655
1152;12;0.037071963548660276
1153;12;0.009990333244204522
1154;12;0.013387984633445739
1155;12;0.004771096855401993
1156;12;0.01634591370820999
1157;12;0.0103451619297266
1158;12;0.03415490493178368
1159;12;0.006825003772974014
1160;12;0.020413081645965576
1161;12;0.03352541595697403
1162;12;0.09803099393844604
1163;12;0.0288003608584404
1164;12;0.022917777001857757
1165;12;0.009662535786628724
1166;12;0.028290657624602318
1167;12;0.03063905656337738
1168;12;0.014833230078220367
1169;12;0.011610639989376068
1170;13;0.6870476859807968
1171;13;0.6793639424443245
1172;13;0.6474773702025414
1173;13;0.5666725811362266
1174;13;0.5590356078743934
1175;13;0.5184187363088131
1176;13;0.4617356460541487
1177;13;0.41904708281159403
1178;13;0.41894730620086196
1179;13;0.3703932556509972
1180;13;0.3804991526901722
1181;13;0.38198006108403204
1182;13;0.33783232614398
1183;13;0.35256825022399424
1184;13;0.3341953445225954
1185;13;0.28891097255051135
1186;13;0.2496722038835287
1187;13;0.3062352354079485
1188;13;0.21250008627772332
1189;13;0.31717130869626997
1190;13;0.2743646611273289
1191;13;0.18928797617554666
1192;13;0.22201661609113216
1193;13;0.23210581950843334
1194;13;0.20061541385948659
1195;13;0.1688822493702173
1196;13;0.16820695549249648
1197;13;0.1341477856785059
1198;13;0.1673021011799574
1199;13;0.2121454655379057
1200;13;0.1350375259667635
1201;13;0.10557477235794067
1202;13;0.1926213350892067
1203;13;0.0870889326930046
1204;13;0.11604283802211285
1205;13;0.13213335238397123
1206;13;0.06769665159285068
1207;13;0.08332501173019409
1208;13;0.13105143010616302
1209;13;0.10700872533023358
1210;13;0.08993912242352962
1211;13;0.08311825223267079
1212;13;0.06690557457506657
1213;13;0.08323858670890331
1214;13;0.10645313039422036
1215;13;0.03906621374189854
1216;13;0.029977069571614265
1217;13;0.07574615612626076
1218;13;0.033398144021630286
1219;13;0.06091203451156616
1220;13;0.06229441344738006
1221;13;0.09750585794448853
1222;13;0.0818372843414545
1223;13;0.09123175546526908
1224;13;0.031415416598320006
1225;13;0.0449883471429348
1226;13;0.043869822695851324
1227;13;0.024672607481479644
1228;13;0.02893248274922371
1229;13;0.017341569662094117
1230;13;0.012640971690416336
1231;13;0.013818472847342491
1232;13;0.015741831511259078
1233;13;0.008300197049975396
1234;13;0.029517568796873093
1235;13;0.014013060554862022
1236;13;0.010381950065493584
1237;13;0.00839585393667221
1238;13;0.010723108351230621
1239;13;0.015525165721774101
1240;13;0.007087533324956894
1241;13;0.00216278113424778
1242;13;0.00611103892326355
1243;13;0.0031257036328315737
1244;13;0.007581615820527077
1245;13;0.005415166541934013
1246;13;0.006475744247436524
1247;13;0.007936143726110458
1248;13;0.007270833849906922
1249;13;0.008064897432923317
1250;13;0.004640467017889022
1251;13;0.004231633543968201
1252;13;0.009756980687379837
1253;13;0.0017652186751365663
1254;13;0.004328642636537552
1255;13;0.005386212319135666
1256;13;0.007539485618472099
1257;13;0.006087342947721481
1258;13;0.008139692842960358
1259;13;0.000132979154586792
1260;14;0.6902897441387177
1261;14;0.6875387677550315
1262;14;0.6624999058246612
1263;14;0.6183831739425659
1264;14;0.5487177704274654
1265;14;0.5076976619660855
1266;14;0.4152537457644939
1267;14;0.43357207596302033
1268;14;0.4712408846616745
1269;14;0.425678613781929
1270;14;0.3536788493394852
1271;14;0.34863442569971087
1272;14;0.3047036553174257
1273;14;0.32795537292957305
1274;14;0.2965046634525061
1275;14;0.3029460500180721
1276;14;0.2659488794207573
1277;14;0.2619191012531519
1278;14;0.21397861197590828
1279;14;0.2376445135474205
1280;14;0.24165722720324992
1281;14;0.19626022964715958
1282;14;0.20135439217090606
1283;14;0.1947130851447582
1284;14;0.14464979663491248
1285;14;0.13763237364590167
1286;14;0.17965187601745128
1287;14;0.11860041201114654
1288;14;0.1689929649233818
1289;14;0.14758358553051948
1290;14;0.12605482660233974
1291;14;0.16567767955362797
1292;14;0.19549399316310884
1293;14;0.06619357369840145
1294;14;0.13628022402524947
1295;14;0.1646628300100565
1296;14;0.06319691576063632
1297;14;0.11450784467160702
1298;14;0.11882350586354733
1299;14;0.07460028104484082
1300;14;0.09637493684887886
1301;14;0.09102293215692044
1302;14;0.08055399850010872
1303;14;0.05321599505841732
1304;14;0.08276111975312234
1305;14;0.049946990609169004
1306;14;0.031151688024401665
1307;14;0.08876286350190639
1308;14;0.03244361162185669
1309;14;0.037789298593997954
1310;14;0.06051007151603699
1311;14;0.021092739403247834
1312;14;0.05973893716931343
1313;14;0.08626449145376683
1314;14;0.04180514723062515
1315;14;0.03773539453744888
1316;14;0.07354118697345256
1317;14;0.043068754076957705
1318;14;0.10208868145942689
1319;14;0.06363125309348107
1320;14;0.03074964851140976
1321;14;0.04030283965170384
1322;14;0.03685220018029213
1323;14;0.04535439729690552
1324;14;0.03691291570663452
1325;14;0.013699957579374313
1326;14;0.039940453916788105
1327;14;0.011016688346862792
1328;14;0.011501094251871109
1329;14;0.0010449469089508056
1330;14;0.005463054999709129
1331;14;0.010663270354270935
1332;14;0.006836587190628051
1333;14;0.0015625739097595214
1334;14;0.00618842363357544
1335;14;0.00451799064874649
1336;14;0.006369077861309052
1337;14;0.003328387811779976
1338;14;0.00035344600677490235
1339;14;0.006367715001106262
1340;14;0.008307252526283265
1341;14;0.006870537996292114
1342;14;0.0027412378787994383
1343;14;0.0021010850369930266
1344;14;0.001850786805152893
1345;14;0.005796937495470047
1346;14;0.006091637462377548
1347;14;0.006427459865808487
1348;14;0.004610244035720825
1349;14;0.0002993431687355042
1350;15;0.6889336401224136
1351;15;0.6693984234333038
1352;15;0.6476286306977272
1353;15;0.5906226752698421
1354;15;0.5598032356798649
1355;15;0.555818366408348
1356;15;0.4541781135648489
1357;15;0.4769177886843681
1358;15;0.464572242051363
1359;15;0.37342511743307116
1360;15;0.3428557500243187
1361;15;0.3930159628391266
1362;15;0.2886002705991268
1363;15;0.3567085804790258
1364;15;0.3627354504168034
1365;15;0.20114532195031642
1366;15;0.32101513966917994
1367;15;0.32436262153089046
1368;15;0.21156112603843213
1369;15;0.2329906553775072
1370;15;0.25923393659293653
1371;15;0.1679703937470913
1372;15;0.25411658711731433
1373;15;0.1861172007769346
1374;15;0.186327216476202
1375;15;0.14633069604635238
1376;15;0.16817100860178472
1377;15;0.14999194622039794
1378;15;0.16435371570289134
1379;15;0.15127352744340897
1380;15;0.11434210158884525
1381;15;0.12352370828390122
1382;15;0.1551199397444725
1383;15;0.1162653400748968
1384;15;0.11257398463785648
1385;15;0.16152419067919255
1386;15;0.1033530829846859
1387;15;0.10876072950661182
1388;15;0.08105311289429665
1389;15;0.07223768301308155
1390;15;0.09723264023661614
1391;15;0.10173250764608383
1392;15;0.03746378608047962
1393;15;0.10011433839797973
1394;15;0.08232048682868481
1395;15;0.04634726278483867
1396;15;0.03960902564227581
1397;15;0.09193620517849922
1398;15;0.07731535397469998
1399;15;0.07417312741279602
1400;15;0.11227059237658978
1401;15;0.054788073748350145
1402;15;0.09358536578714848
1403;15;0.07776839569211007
1404;15;0.060459081456065177
1405;15;0.0636647567898035
1406;15;0.059303928017616275
1407;15;0.060619802623987196
1408;15;0.041999081149697304
1409;15;0.08225471697747708
1410;15;0.08448541238903999
1411;15;0.02733491525053978
1412;15;0.03579992175102234
1413;15;0.01810147926211357
1414;15;0.02999058589339256
1415;15;0.07918201491236687
1416;15;0.03187507562339306
1417;15;0.015266461372375488
1418;15;0.06673779286444187
1419;15;0.015329565852880478
1420;15;0.035849987491965295
1421;15;0.05217927373945713
1422;15;0.006876477003097534
1423;15;0.010710904896259308
1424;15;0.004546512514352798
1425;15;0.012069520205259324
1426;15;0.011120747476816177
1427;15;0.0026979219913482668
1428;15;0.005043380856513977
1429;15;0.0033127933740615843
1430;15;0.013215446174144744
1431;15;0.0004066643118858337
1432;15;0.008111836314201355
1433;15;0.0034352737665176393
1434;15;0.005522942990064621
1435;15;0.005504756271839142
1436;15;0.006468167304992676
1437;15;0.0027032268047332765
1438;15;0.007504774630069733
1439;15;0.0056647959351539615
1440;16;0.6877509361505508
1441;16;0.6751158908009529
1442;16;0.6690186589956284
1443;16;0.6340685540437698
1444;16;0.6211056119203567
1445;16;0.5693520280718803
1446;16;0.506410406678915
1447;16;0.503254942893982
1448;16;0.4362005063891411
1449;16;0.43013830795884134
1450;16;0.3470939490199089
1451;16;0.36971734918653965
1452;16;0.3601138937473297
1453;16;0.29495646834373473
1454;16;0.32395592756569386
1455;16;0.2464882753789425
1456;16;0.31530697286129
1457;16;0.2966053815186024
1458;16;0.2634245205670595
1459;16;0.241779018715024
1460;16;0.28796023823320865
1461;16;0.20268067494034767
1462;16;0.2529655910283327
1463;16;0.21315441630780696
1464;16;0.13654053010046482
1465;16;0.23338828846812248
1466;16;0.2476113647222519
1467;16;0.1001131608337164
1468;16;0.18823665797710418
1469;16;0.18511026345193385
1470;16;0.1585312234610319
1471;16;0.12498044840991497
1472;16;0.16146574094891547
1473;16;0.12224327318370343
1474;16;0.1732916636765003
1475;16;0.1529986970126629
1476;16;0.10519441537559032
1477;16;0.11990509927272797
1478;16;0.136839462146163
1479;16;0.062052082270383835
1480;16;0.06844212487339973
1481;16;0.08830037310719491
1482;16;0.10494117766618728
1483;16;0.07552030853927136
1484;16;0.04864132396876812
1485;16;0.1266137471795082
1486;16;0.10580436535179615
1487;16;0.11583930388092994
1488;16;0.09016107685863972
1489;16;0.07083034589886665
1490;16;0.12437255129218101
1491;16;0.06404151573777199
1492;16;0.08124281644821167
1493;16;0.04331344321370125
1494;16;0.07373359337449074
1495;16;0.07875927098095417
1496;16;0.06094352588057518
1497;16;0.03404498018324375
1498;16;0.03283414363861084
1499;16;0.05624694898724556
1500;16;0.015609528496861457
1501;16;0.03896211251616478
1502;16;0.0372076303511858
1503;16;0.020603398382663726
1504;16;0.07234815128147602
1505;16;0.0765717201679945
1506;16;0.06301519729197025
1507;16;0.04884963020682335
1508;16;0.05227472096681595
1509;16;0.07041040018200874
1510;16;0.059425147846341134
1511;16;0.03586170479655266
1512;16;0.0438558067381382
1513;16;0.017015450149774552
1514;16;0.039084109887480734
1515;16;0.05546014048159122
1516;16;0.02279205694794655
1517;16;0.02728635273873806
1518;16;0.04461166076362133
1519;16;0.08589258201420308
1520;16;0.018864126652479173
1521;16;0.027847643420100213
1522;16;0.021688602417707443
1523;16;0.03613478071987629
1524;16;0.01758555255830288
1525;16;0.052496743500232694
1526;16;0.024037683084607124
1527;16;0.014307886213064194
1528;16;0.011792434602975846
1529;16;0.007082107365131378
1530;17;0.6885656821727753
1531;17;0.675242318212986
1532;17;0.6422946172952652
1533;17;0.549354020357132
1534;17;0.5321091997623444
1535;17;0.4766241598129273
1536;17;0.38460751101374624
1537;17;0.49986568972468376
1538;17;0.42595396675169467
1539;17;0.29671639323234555
1540;17;0.4160130724310875
1541;17;0.41160103648900986
1542;17;0.33728492975234986
1543;17;0.329641842469573
1544;17;0.2977865733206272
1545;17;0.22301104053854942
1546;17;0.314949788749218
1547;17;0.3054329320043325
1548;17;0.21143296398222447
1549;17;0.23327930599451066
1550;17;0.22926146864891053
1551;17;0.1840068367868662
1552;17;0.20768214367330073
1553;17;0.17112915128469466
1554;17;0.18924429163336753
1555;17;0.15657144106924534
1556;17;0.21584009788930417
1557;17;0.09542373441159725
1558;17;0.14122677378356457
1559;17;0.18625798486173153
1560;17;0.13945313103497028
1561;17;0.13890662513673305
1562;17;0.18827844239771366
1563;17;0.09033794306218625
1564;17;0.16138640560209752
1565;17;0.14649559743702412
1566;17;0.05544187359511852
1567;17;0.13831060588359834
1568;17;0.1361772122979164
1569;17;0.032448554188013075
1570;17;0.1414875639975071
1571;17;0.15256329655647277
1572;17;0.09297577768564225
1573;17;0.06820159427821636
1574;17;0.12267104588449002
1575;17;0.07275033846497536
1576;17;0.10671498529613017
1577;17;0.06665765479207039
1578;17;0.061159983947873114
1579;17;0.061562349647283555
1580;17;0.08434582635760307
1581;17;0.11663103498518466
1582;17;0.0745134797692299
1583;17;0.07212725408375263
1584;17;0.05268190696835518
1585;17;0.055796324238181115
1586;17;0.05974186651408672
1587;17;0.021484786346554756
1588;17;0.018391124680638315
1589;17;0.03816283263266087
1590;17;0.012163948193192482
1591;17;0.01713817462325096
1592;17;0.04423631638288498
1593;17;0.008573902770876884
1594;17;0.016603831946849824
1595;17;0.022362609431147575
1596;17;0.010056410878896714
1597;17;0.023999486416578293
1598;17;0.03767156317830086
1599;17;0.017951688691973687
1600;17;0.05028494581580162
1601;17;0.0417281086742878
1602;17;0.02065750852227211
1603;17;0.019188850596547128
1604;17;0.009099980443716049
1605;17;0.029008279740810394
1606;17;0.06611639268696308
1607;17;0.04211008600890637
1608;17;0.03174552388489246
1609;17;0.02539275512099266
1610;17;0.07796230465173722
1611;17;0.022618676647543908
1612;17;0.00883175253868103
1613;17;0.039716643691062925
1614;17;0.011369751989841461
1615;17;0.003442487865686417
1616;17;0.01997883468866348
1617;17;0.0027826417982578277
1618;17;0.006550512909889221
1619;17;0.010304418504238128
1620;18;0.6951844710111618
1621;18;0.6767126321792603
1622;18;0.6613963103294372
1623;18;0.6320172348618507
1624;18;0.6484771388769149
1625;18;0.5585918095707894
1626;18;0.5138209183514119
1627;18;0.513510294854641
1628;18;0.4867417657375336
1629;18;0.39983456626534464
1630;18;0.4707611985504627
1631;18;0.40378711849451066
1632;18;0.3746688275784254
1633;18;0.4033795443177223
1634;18;0.37426146894693374
1635;18;0.3083678402006626
1636;18;0.3397661168128252
1637;18;0.33046195790171623
1638;18;0.2923181214928627
1639;18;0.25775758892297745
1640;18;0.28974088072776794
1641;18;0.22505951449275016
1642;18;0.27070230573415754
1643;18;0.261809713691473
1644;18;0.21873025029897689
1645;18;0.19286351934075355
1646;18;0.17347002193331718
1647;18;0.16660310387611388
1648;18;0.1603850920498371
1649;18;0.2125007066130638
1650;18;0.14476758562028408
1651;18;0.19958307966589928
1652;18;0.15015211299061776
1653;18;0.10324656337499619
1654;18;0.16103948570787907
1655;18;0.11755449898540973
1656;18;0.10154593050479889
1657;18;0.11785259507596493
1658;18;0.1612642040103674
1659;18;0.1558995023369789
1660;18;0.1307448247075081
1661;18;0.09641695551574231
1662;18;0.10866792678833008
1663;18;0.06509175367653369
1664;18;0.14798627041280268
1665;18;0.04052712507545948
1666;18;0.053250655233860016
1667;18;0.045398501753807066
1668;18;0.0927101407200098
1669;18;0.07265667624771595
1670;18;0.04916118964552879
1671;18;0.04613900884985924
1672;18;0.0774571055173874
1673;18;0.05147877104580403
1674;18;0.06744572177529334
1675;18;0.03167914718389511
1676;18;0.0880746614933014
1677;18;0.05595653623342514
1678;18;0.04245199479162693
1679;18;0.04892794065177441
1680;18;0.04048179268836975
1681;18;0.11179069750010967
1682;18;0.08190990932285785
1683;18;0.11066498085856438
1684;18;0.04174647726118565
1685;18;0.033817848190665245
1686;18;0.07575636267662049
1687;18;0.019159883558750153
1688;18;0.07295296475291252
1689;18;0.01369675800204277
1690;18;0.014743026793003083
1691;18;0.08183337941765785
1692;18;0.053325311988592146
1693;18;0.02824972800910473
1694;18;0.023139133304357528
1695;18;0.004062628149986267
1696;18;0.02321089178323746
1697;18;0.054006223753094676
1698;18;0.024814215302467347
1699;18;0.015487398356199264
1700;18;0.02063189074397087
1701;18;0.02471074424684048
1702;18;0.06508971691131592
1703;18;0.023535619005560875
1704;18;0.024497854709625243
1705;18;0.03367556191980839
1706;18;0.08641806796193123
1707;18;0.022492040023207663
1708;18;0.03278528220951557
1709;18;0.017995176538825035
1710;19;0.6881017780303955
1711;19;0.6837753057479858
1712;19;0.6593346509337425
1713;19;0.6473232471942901
1714;19;0.6123692008852959
1715;19;0.5586558137834072
1716;19;0.4871323347091675
1717;19;0.5021854269504548
1718;19;0.4518484652042389
1719;19;0.36211806498467924
1720;19;0.4490638908743858
1721;19;0.4080130748450756
1722;19;0.33989135071635246
1723;19;0.37240083172917365
1724;19;0.3984767746925354
1725;19;0.33196616902947423
1726;19;0.29956950545310973
1727;19;0.35695152744650843
1728;19;0.31750372432172297
1729;19;0.24773995734751225
1730;19;0.26939084954559805
1731;19;0.24817861884832382
1732;19;0.20856512874364852
1733;19;0.28920366369187833
1734;19;0.20057854637503625
1735;19;0.2742934153228998
1736;19;0.2149157603830099
1737;19;0.17791687786579133
1738;19;0.2217356286942959
1739;19;0.18397441796958447
1740;19;0.18605953544378281
1741;19;0.10770362615585327
1742;19;0.2363500540703535
1743;19;0.124676703363657
1744;19;0.15972579576075077
1745;19;0.15333448193967342
1746;19;0.10120193533599377
1747;19;0.18295372657477857
1748;19;0.166668279543519
1749;19;0.10566802144050598
1750;19;0.09182659357786178
1751;19;0.1873257949948311
1752;19;0.0823640663921833
1753;19;0.09905038483440876
1754;19;0.09955511018633842
1755;19;0.07706859551370143
1756;19;0.09563575118780136
1757;19;0.07675118148326873
1758;19;0.05411083333194256
1759;19;0.1309641622751951
1760;19;0.07805985569953919
1761;19;0.10360807888209819
1762;19;0.047173767760396
1763;19;0.05700859472155571
1764;19;0.08395662359893322
1765;19;0.06968494109809399
1766;19;0.05607423134148121
1767;19;0.07207593381404877
1768;19;0.05593997962772846
1769;19;0.03561647541821003
1770;19;0.029228270277380942
1771;19;0.04409524992108345
1772;19;0.052604482993483546
1773;19;0.023410060182213782
1774;19;0.040290355011820794
1775;19;0.03752355203032494
1776;19;0.11491569392383098
1777;19;0.07409612774848938
1778;19;0.09179365076124668
1779;19;0.06908353880047798
1780;19;0.05503697261214256
1781;19;0.034832647666335106
1782;19;0.02703551687300205
1783;19;0.06253214448690414
1784;19;0.012637316659092903
1785;19;0.021441270858049394
1786;19;0.007959191203117371
1787;19;0.014344354718923568
1788;19;0.018206906020641327
1789;19;0.00957461416721344
1790;19;0.004238319396972656
1791;19;0.0024349121749401093
1792;19;0.018856520652770995
1793;19;0.0068545079231262206
1794;19;0.011171647906303405
1795;19;0.0016491610556840896
1796;19;0.012801472544670105
1797;19;0.0002778881788253784
1798;19;0.013478123471140862
1799;19;0.008517367467284202
1800;20;0.6806091430783272
1801;20;0.6791006100177764
1802;20;0.6853690704703331
1803;20;0.6475054800510407
1804;20;0.5985434606671334
1805;20;0.5768972985446453
1806;20;0.5300023952126502
1807;20;0.4733668647706509
1808;20;0.5194892311096191
1809;20;0.4375808088481426
1810;20;0.37960245966911316
1811;20;0.3749827675521374
1812;20;0.33857118740677833
1813;20;0.3701740624755621
1814;20;0.3381184580922127
1815;20;0.25793152160942556
1816;20;0.32435910843312743
1817;20;0.3075098889321089
1818;20;0.254919430911541
1819;20;0.2617712926119566
1820;20;0.2513595888763666
1821;20;0.21970411591231823
1822;20;0.1775218901783228
1823;20;0.30164419069886206
1824;20;0.1580257648974657
1825;20;0.1664713981002569
1826;20;0.21299361154437066
1827;20;0.13900785736739635
1828;20;0.16263711102306844
1829;20;0.14199908822774887
1830;20;0.15610539004206658
1831;20;0.1318643491715193
1832;20;0.1487604456394911
1833;20;0.0778101471811533
1834;20;0.13786025300621987
1835;20;0.1627085992693901
1836;20;0.07973872974514962
1837;20;0.06629274092614651
1838;20;0.12474060602486134
1839;20;0.08152084730565548
1840;20;0.0745629720389843
1841;20;0.0809011359512806
1842;20;0.06106952659785748
1843;20;0.08310247264802456
1844;20;0.08462806694209575
1845;20;0.035392265170812606
1846;20;0.07433309771120548
1847;20;0.016636874750256537
1848;20;0.01559533692896366
1849;20;0.05263819307088852
1850;20;0.14611965738236904
1851;20;0.03322787791490555
1852;20;0.07957258395850658
1853;20;0.0460529762506485
1854;20;0.10085987485945225
1855;20;0.06720689661800862
1856;20;0.03185646936297417
1857;20;0.026140210554003715
1858;20;0.04725740134716034
1859;20;0.080831111446023
1860;20;0.0586528455466032
1861;20;0.06643000319600105
1862;20;0.053783871382474896
1863;20;0.02433486968278885
1864;20;0.04486472621560097
1865;20;0.021633853763341905
1866;20;0.020228081196546555
1867;20;0.0313338179141283
1868;20;0.11988658241927624
1869;20;0.059919790402054786
1870;20;0.031393074691295625
1871;20;0.08852564617991447
1872;20;0.02564615122973919
1873;20;0.04634351812303066
1874;20;0.04561050362884998
1875;20;0.015707396119832993
1876;20;0.010949529483914375
1877;20;0.017763631120324135
1878;20;0.0326369260251522
1879;20;0.06982692949473858
1880;20;0.0793171276897192
1881;20;0.0048279926925897595
1882;20;0.007694989889860154
1883;20;0.011369641423225402
1884;20;0.012689272165298462
1885;20;0.0058823214471340176
1886;20;0.00571264311671257
1887;20;0.00733395516872406
1888;20;0.005601051151752472
1889;20;0.007844666540622712
1890;21;0.6874155652523041
1891;21;0.6822402006387711
1892;21;0.6470652243494988
1893;21;0.5959006249904633
1894;21;0.6104090206325055
1895;21;0.5631246165931225
1896;21;0.4777494004368782
1897;21;0.49367584601044656
1898;21;0.43896188274025916
1899;21;0.399130407422781
1900;21;0.4076223670691252
1901;21;0.3767560040205717
1902;21;0.346145072132349
1903;21;0.30251339718699455
1904;21;0.38963391169905665
1905;21;0.2740677209943533
1906;21;0.3027577096968889
1907;21;0.27171404488384726
1908;21;0.22644658274948598
1909;21;0.21613791562616824
1910;21;0.2752509982138872
1911;21;0.23011824876070022
1912;21;0.19262542106211186
1913;21;0.22346726074814796
1914;21;0.21085555881261825
1915;21;0.20421342089772224
1916;21;0.19010273419320584
1917;21;0.16705914452672005
1918;21;0.11435827992856502
1919;21;0.19539258345961572
1920;21;0.12355770222842694
1921;21;0.1263821742683649
1922;21;0.10890069648623467
1923;21;0.0687686275690794
1924;21;0.11228022389113904
1925;21;0.12404556177556515
1926;21;0.16043845161795617
1927;21;0.10996947020292282
1928;21;0.11940274246037007
1929;21;0.0628559299558401
1930;21;0.11703348375856876
1931;21;0.13910662107169627
1932;21;0.06359121553599835
1933;21;0.0626910012960434
1934;21;0.09958355881273746
1935;21;0.03081262022256851
1936;21;0.04241626635193825
1937;21;0.09488009624183177
1938;21;0.038024448826909064
1939;21;0.11265688978135585
1940;21;0.1001117244362831
1941;21;0.0636655978858471
1942;21;0.07676135465502738
1943;21;0.05819040529429913
1944;21;0.08759439833462239
1945;21;0.03570095308125019
1946;21;0.06532012440264225
1947;21;0.01880979061126709
1948;21;0.02165168449282646
1949;21;0.04195076435804367
1950;21;0.026789023876190185
1951;21;0.03532617136836052
1952;21;0.01553749069571495
1953;21;0.03322801649570465
1954;21;0.02421946108341217
1955;21;0.05877022452652454
1956;21;0.054353964924812315
1957;21;0.08853215113282203
1958;21;0.04645290426909923
1959;21;0.027002154886722564
1960;21;0.03280154652893543
1961;21;0.07546843186020852
1962;21;0.048835355415940286
1963;21;0.02639208495616913
1964;21;0.05820332787930965
1965;21;0.05677495241165161
1966;21;0.03500731572508812
1967;21;0.046689619794487956
1968;21;0.038270672932267186
1969;21;0.055545637011528017
1970;21;0.05007308781147003
1971;21;0.05224116653203964
1972;21;0.015843944102525712
1973;21;0.030905851870775224
1974;21;0.018179130852222444
1975;21;0.013528201654553413
1976;21;0.01699161432683468
1977;21;0.018617715612053873
1978;21;0.007121621668338776
1979;21;0.013476195335388184
1980;22;0.6889948254823685
1981;22;0.6908050462603569
1982;22;0.6602299493551255
1983;22;0.5848834091424941
1984;22;0.5449368835985661
1985;22;0.4515294516086578
1986;22;0.4093541809171438
1987;22;0.45179244615137576
1988;22;0.3664523969590664
1989;22;0.3239524921774864
1990;22;0.37354504600167276
1991;22;0.35580976895987987
1992;22;0.30614111132919786
1993;22;0.3441916011273861
1994;22;0.28101502150297164
1995;22;0.29704433724284174
1996;22;0.2553450559079647
1997;22;0.28574807204306124
1998;22;0.18564261339604854
1999;22;0.23725118160247802
2000;22;0.3011171563714743
2001;22;0.2057925436645746
2002;22;0.17873854264616967
2003;22;0.21852253377437592
2004;22;0.156261940151453
2005;22;0.15031433783471584
2006;22;0.1731546861678362
2007;22;0.17375148579478264
2008;22;0.15303054854273795
2009;22;0.15044371105730533
2010;22;0.0992346929013729
2011;22;0.13025920547544956
2012;22;0.1559532295912504
2013;22;0.14737227030098438
2014;22;0.10577484287321567
2015;22;0.16906763523817062
2016;22;0.12238161191344261
2017;22;0.09692751608788967
2018;22;0.1043069389462471
2019;22;0.10075130932033062
2020;22;0.0741247657686472
2021;22;0.12751851335167885
2022;22;0.12691172145307064
2023;22;0.13676014468073844
2024;22;0.07926891639828682
2025;22;0.09432243160903454
2026;22;0.05016330696642399
2027;22;0.1364096476882696
2028;22;0.04750970534980297
2029;22;0.06092026382684708
2030;22;0.07773119449615479
2031;22;0.07604543760418891
2032;22;0.05017793625593185
2033;22;0.09898773923516274
2034;22;0.06493384189903736
2035;22;0.07584820859134198
2036;22;0.0917505730688572
2037;22;0.026379715129733087
2038;22;0.03909235842525959
2039;22;0.02908591113984585
2040;22;0.0614290352165699
2041;22;0.02580132707953453
2042;22;0.030512100309133528
2043;22;0.017628515511751174
2044;22;0.045634937584400175
2045;22;0.022532078698277475
2046;22;0.16245671555399896
2047;22;0.07709370084106922
2048;22;0.04038119956851006
2049;22;0.02825967989861965
2050;22;0.05011562466621399
2051;22;0.04387598790228367
2052;22;0.01344435103237629
2053;22;0.02654170773923397
2054;22;0.03733438521623612
2055;22;0.00612365037202835
2056;22;0.011151296943426132
2057;22;0.07226856425404549
2058;22;0.03606941506266594
2059;22;0.02162332311272621
2060;22;0.08038018845021724
2061;22;0.015137355402112007
2062;22;0.01286838136613369
2063;22;0.01762194722890854
2064;22;0.0070835579931736
2065;22;0.0034433698654174807
2066;22;0.015670256018638612
2067;22;0.02251648984849453
2068;22;0.003528011292219162
2069;22;0.014291221722960473
2070;23;0.6865797024965287
2071;23;0.6671601015329361
2072;23;0.6708867830038071
2073;23;0.6220385268330574
2074;23;0.6213349455595016
2075;23;0.5653181891143322
2076;23;0.4637794488668442
2077;23;0.4823040045797825
2078;23;0.4777416636049747
2079;23;0.40322078101336956
2080;23;0.3962418529391289
2081;23;0.3641613929718733
2082;23;0.32115601532161236
2083;23;0.3220873375236988
2084;23;0.3782042697072029
2085;23;0.29579693093895915
2086;23;0.3130619312822819
2087;23;0.29264969684183595
2088;23;0.22058192625641823
2089;23;0.2470795851200819
2090;23;0.2879015655070543
2091;23;0.20801573120057582
2092;23;0.2822643295675516
2093;23;0.2001500654220581
2094;23;0.14557015240192414
2095;23;0.17286555387079716
2096;23;0.2173399694263935
2097;23;0.11778530716896057
2098;23;0.16986681640148163
2099;23;0.1805916476249695
2100;23;0.10528792910277844
2101;23;0.16057604253292085
2102;23;0.17680738613009453
2103;23;0.1069541584700346
2104;23;0.13169046558439731
2105;23;0.14442717246711254
2106;23;0.0583400846272707
2107;23;0.08462800942361355
2108;23;0.08979506723582745
2109;23;0.10241547890007496
2110;23;0.10648055002093315
2111;23;0.13269930437207222
2112;23;0.17464936017990113
2113;23;0.09530876711010933
2114;23;0.10604409866034985
2115;23;0.06773534201085568
2116;23;0.07238473549485207
2117;23;0.05578279919922352
2118;23;0.05003863722085953
2119;23;0.07786665067076683
2120;23;0.08313814640045165
2121;23;0.050265384390950206
2122;23;0.05996484398841858
2123;23;0.06686555571854115
2124;23;0.03532610714435577
2125;23;0.028256106674671173
2126;23;0.01992259345948696
2127;23;0.047398781478405
2128;23;0.017223751246929167
2129;23;0.04286902904510498
2130;23;0.09700494296848775
2131;23;0.07782801702618598
2132;23;0.10043365903198719
2133;23;0.05802842348814011
2134;23;0.016538562029600145
2135;23;0.03820711605250835
2136;23;0.02155259944498539
2137;23;0.03739491358399391
2138;23;0.1387530917674303
2139;23;0.030249686539173128
2140;23;0.042474524676799776
2141;23;0.03890289768576622
2142;23;0.03174750342965126
2143;23;0.05656578950583935
2144;23;0.02755590319633484
2145;23;0.04754004761576652
2146;23;0.04584439277648926
2147;23;0.04783633477985859
2148;23;0.008417234271764756
2149;23;0.03187152393162251
2150;23;0.01910696119070053
2151;23;0.016486025750637054
2152;23;0.004920773804187774
2153;23;0.0160582135617733
2154;23;0.007766717672348022
2155;23;0.012596565559506416
2156;23;0.014099993035197258
2157;23;0.009944808632135392
2158;23;0.026424576193094254
2159;23;0.008872984349727631
2160;24;0.6878894859552384
2161;24;0.678550615310669
2162;24;0.6580659174919128
2163;24;0.6707863840460777
2164;24;0.6063965803384781
2165;24;0.498616776317358
2166;24;0.40861765131354333
2167;24;0.4572407191991806
2168;24;0.3929123367369175
2169;24;0.37852314807474613
2170;24;0.3711588904261589
2171;24;0.3397260855138302
2172;24;0.27304097220301626
2173;24;0.3199781505763531
2174;24;0.3074090950936079
2175;24;0.21023858405649662
2176;24;0.2224338398873806
2177;24;0.33240116596221925
2178;24;0.22685201704502106
2179;24;0.20320372387766839
2180;24;0.253767666593194
2181;24;0.16524820916354657
2182;24;0.1939019799977541
2183;24;0.2112286975979805
2184;24;0.15774512477219105
2185;24;0.14082011632621289
2186;24;0.18986352980136872
2187;24;0.13559816718101503
2188;24;0.12087220147252083
2189;24;0.18420641623437406
2190;24;0.0734652654826641
2191;24;0.12836777538061142
2192;24;0.12529730953276158
2193;24;0.05920971654355526
2194;24;0.11368395686149597
2195;24;0.13718841947615146
2196;24;0.0584613948315382
2197;24;0.09861317023634911
2198;24;0.150061858817935
2199;24;0.061361969485878944
2200;24;0.09382541961967945
2201;24;0.07894890680909157
2202;24;0.05160385839641094
2203;24;0.026784604489803313
2204;24;0.08786117054522037
2205;24;0.0419542783498764
2206;24;0.02472985930740833
2207;24;0.054142193868756294
2208;24;0.016812985837459563
2209;24;0.057029890567064284
2210;24;0.07219022169709205
2211;24;0.1016067036241293
2212;24;0.07570744410157204
2213;24;0.07326048135757446
2214;24;0.05135616131126881
2215;24;0.03981950253248215
2216;24;0.020442240014672278
2217;24;0.057489904090762135
2218;24;0.0276823490858078
2219;24;0.05583191014826298
2220;24;0.02929225258529186
2221;24;0.03442858785390854
2222;24;0.02897357776761055
2223;24;0.008105556219816209
2224;24;0.022224311903119087
2225;24;0.014740199595689774
2226;24;0.007873463034629822
2227;24;0.00855815127491951
2228;24;0.0180141581594944
2229;24;0.049886233359575274
2230;24;0.07525630533695221
2231;24;0.047612661048769954
2232;24;0.017009164988994598
2233;24;0.008521421104669571
2234;24;0.022858797162771224
2235;24;0.05897755391895771
2236;24;0.03788997709751129
2237;24;0.026884243190288544
2238;24;0.0048761463165283205
2239;24;0.011481190398335457
2240;24;0.008259238451719284
2241;24;0.0025392942130565642
2242;24;0.003893711268901825
2243;24;0.012895272076129914
2244;24;0.002979782968759537
2245;24;0.002450614720582962
2246;24;0.015366481840610504
2247;24;0.014350581914186478
2248;24;0.006626481115818024
2249;24;0.0003042826056480408
2250;25;0.6951069658994675
2251;25;0.6802089858055115
2252;25;0.6706755721569061
2253;25;0.6047551134228706
2254;25;0.5652137239277363
2255;25;0.5900942507386208
2256;25;0.49343465864658353
2257;25;0.4915060943365097
2258;25;0.43920493476092815
2259;25;0.4078834547102451
2260;25;0.40373751118779183
2261;25;0.4112636662274599
2262;25;0.31400957725942136
2263;25;0.33189696311950684
2264;25;0.3884126114845276
2265;25;0.263809247687459
2266;25;0.3312260777503252
2267;25;0.34945594184100626
2268;25;0.2680359445512295
2269;25;0.2509905657172203
2270;25;0.2610988442599773
2271;25;0.21307815186679363
2272;25;0.21092955999076365
2273;25;0.25544309228658674
2274;25;0.15085758112370967
2275;25;0.19033014960587025
2276;25;0.24220792323350906
2277;25;0.1438323076814413
2278;25;0.15759981401264667
2279;25;0.18500170096755028
2280;25;0.1330471333861351
2281;25;0.10972525142133235
2282;25;0.20468938507139683
2283;25;0.11070280484855174
2284;25;0.16182880073785783
2285;25;0.17025996133685112
2286;25;0.09752168111503125
2287;25;0.10170323491096496
2288;25;0.21630274072289468
2289;25;0.06616229929029942
2290;25;0.08745461523532867
2291;25;0.12372694216668606
2292;25;0.17351107329130172
2293;25;0.10940919809043408
2294;25;0.13163221381604673
2295;25;0.09398935228586197
2296;25;0.08482508353888989
2297;25;0.1313061486929655
2298;25;0.08583190985023975
2299;25;0.07258478544652462
2300;25;0.11309409081935883
2301;25;0.06303427875041961
2302;25;0.0923129115998745
2303;25;0.048409756049513815
2304;25;0.07016434550285339
2305;25;0.06332451164722443
2306;25;0.04197790838778019
2307;25;0.07319733731448651
2308;25;0.07324680514633655
2309;25;0.09221078500151635
2310;25;0.022361107692122458
2311;25;0.02998458556830883
2312;25;0.08791782639920712
2313;25;0.0642177987843752
2314;25;0.04149470545351505
2315;25;0.08441362805664539
2316;25;0.055314173996448515
2317;25;0.009935862123966218
2318;25;0.04438516065478325
2319;25;0.016180338636040688
2320;25;0.01770902134478092
2321;25;0.04811083517968655
2322;25;0.10131039626896382
2323;25;0.07127981096506118
2324;25;0.1291287999600172
2325;25;0.06563272543251514
2326;25;0.02933020010590553
2327;25;0.06351584509015083
2328;25;0.023576529026031495
2329;25;0.03350250147283077
2330;25;0.03681416682898998
2331;25;0.03593155339360237
2332;25;0.03164823077619076
2333;25;0.022327007055282594
2334;25;0.007028272971510887
2335;25;0.0172805917263031
2336;25;0.021288805902004243
2337;25;0.007279509305953979
2338;25;0.007051016315817833
2339;25;0.010722542107105255
2340;26;0.6925017189979553
2341;26;0.6704632890224457
2342;26;0.6744372254610062
2343;26;0.623828670680523
2344;26;0.5170784185826779
2345;26;0.5229908826947213
2346;26;0.5005810326337814
2347;26;0.47354685932397844
2348;26;0.4659304156899452
2349;26;0.383868545666337
2350;26;0.4113407278060913
2351;26;0.41017099052667616
2352;26;0.38138279899954797
2353;26;0.3389677216112614
2354;26;0.3368241785466671
2355;26;0.26616855278611184
2356;26;0.3042076623439789
2357;26;0.3103108489513397
2358;26;0.2587537653744221
2359;26;0.23125354140996934
2360;26;0.2730641677975655
2361;26;0.1636544644087553
2362;26;0.24737534821033477
2363;26;0.24622219763696193
2364;26;0.19963443957269192
2365;26;0.14965349584817886
2366;26;0.18421261079609394
2367;26;0.13314985804259777
2368;26;0.16410323858261108
2369;26;0.19686645783483983
2370;26;0.11403748624026776
2371;26;0.1813722538203001
2372;26;0.16521214835345746
2373;26;0.1075447266548872
2374;26;0.0868888820707798
2375;26;0.15283010847866535
2376;26;0.0847628002613783
2377;26;0.0701332888752222
2378;26;0.0812441847473383
2379;26;0.041448524445295336
2380;26;0.03258134171366692
2381;26;0.11590775579214097
2382;26;0.11858180865645408
2383;26;0.07692519083619118
2384;26;0.09748468294739723
2385;26;0.055382091626524924
2386;26;0.033768574520945546
2387;26;0.1646068213880062
2388;26;0.07575688436627388
2389;26;0.033446842581033705
2390;26;0.11113144494593144
2391;26;0.09732767559587956
2392;26;0.051102132871747016
2393;26;0.09440921828150749
2394;26;0.0498628605902195
2395;26;0.028533510863780975
2396;26;0.02550228260457516
2397;26;0.023476704508066177
2398;26;0.014470161944627762
2399;26;0.003136816769838333
2400;26;0.0024038833379745484
2401;26;0.006589840948581695
2402;26;0.008757842183113098
2403;26;0.0019020940363407134
2404;26;0.0031190125644207003
2405;26;0.003411998003721237
2406;26;0.01884193256497383
2407;26;0.00952988162636757
2408;26;0.006632460728287697
2409;26;0.0013952812552452088
2410;26;0.006104982048273086
2411;26;0.0023368559777736664
2412;26;0.002083383947610855
2413;26;0.005990611463785172
2414;26;0.0004398044943809509
2415;26;0.004131762385368347
2416;26;0.0020941773056983946
2417;26;0.00037013202905654906
2418;26;0.000150870680809021
2419;26;0.0016349421441555023
2420;26;0.005391383469104767
2421;26;0.0012034541368484497
2422;26;0.00035331130027770996
2423;26;0.004211345911026001
2424;26;0.002646837830543518
2425;26;0.00018330991268157958
2426;26;0.003910517692565918
2427;26;0.001933925449848175
2428;26;0.0022507964074611666
2429;26;0.0001513385772705078
2430;27;0.6942634934186935
2431;27;0.6679865008592606
2432;27;0.6689440008997917
2433;27;0.5977355739474297
2434;27;0.5878748372197151
2435;27;0.5508560697734356
2436;27;0.4461262832581997
2437;27;0.43203614607453344
2438;27;0.45197240442037584
2439;27;0.37330534860491754
2440;27;0.365307190567255
2441;27;0.3835312159359455
2442;27;0.3350480791926384
2443;27;0.28296486876904964
2444;27;0.3419457417726517
2445;27;0.303283115029335
2446;27;0.27966830275952814
2447;27;0.31259697400033476
2448;27;0.23532247871160508
2449;27;0.2558057251572609
2450;27;0.2411103367805481
2451;27;0.177578047439456
2452;27;0.2964275552332401
2453;27;0.19817903481423854
2454;27;0.20047236256301404
2455;27;0.19456465892493724
2456;27;0.19184598490595817
2457;27;0.13505651861429213
2458;27;0.14054947145283223
2459;27;0.17264293782413007
2460;27;0.14981143936514854
2461;27;0.12462226487696171
2462;27;0.18447326980531215
2463;27;0.1089200335741043
2464;27;0.15937664419412612
2465;27;0.10278180234134197
2466;27;0.13048985183238984
2467;27;0.1212084148079157
2468;27;0.16457405135035516
2469;27;0.0642945359647274
2470;27;0.10387830153107643
2471;27;0.07346403777599335
2472;27;0.04708771675825119
2473;27;0.054384655356407165
2474;27;0.13438462868332862
2475;27;0.05930518075823784
2476;27;0.09662821963429451
2477;27;0.09375155806541442
2478;27;0.06106376253068447
2479;27;0.13034171171486378
2480;27;0.06121104225516319
2481;27;0.027652696371078492
2482;27;0.03204016998410225
2483;27;0.010265517681837082
2484;27;0.017990854531526566
2485;27;0.07895882494747639
2486;27;0.10212829932570458
2487;27;0.03932497277855873
2488;27;0.06409635350108146
2489;27;0.11836112454533577
2490;27;0.043714781478047374
2491;27;0.035962079837918284
2492;27;0.03029667615890503
2493;27;0.00812384158372879
2494;27;0.021856426298618316
2495;27;0.02419956460595131
2496;27;0.009784365594387055
2497;27;0.010092028826475143
2498;27;0.025049657672643662
2499;27;0.06621487230062485
2500;27;0.06120826452970505
2501;27;0.07696896083652974
2502;27;0.022756770849227906
2503;27;0.004983101710677147
2504;27;0.033859013617038726
2505;27;0.09393346086144447
2506;27;0.030861923918128014
2507;27;0.028058934062719344
2508;27;0.0131399205327034
2509;27;0.0070668371021747585
2510;27;0.006773903965950012
2511;27;0.02074494391679764
2512;27;0.02485085517168045
2513;27;0.0731561341881752
2514;27;0.015630903542041778
2515;27;0.012045133411884307
2516;27;0.02405646115541458
2517;27;0.004351087510585785
2518;27;0.02236475110054016
2519;27;0.024432233422994613
2520;28;0.6946711033582688
2521;28;0.6787214541435241
2522;28;0.6694643503427505
2523;28;0.6090470924973488
2524;28;0.5499865905940533
2525;28;0.5476705844700337
2526;28;0.43323958352208136
2527;28;0.46875422209501266
2528;28;0.4132402515411377
2529;28;0.4086514676362276
2530;28;0.3571417059004307
2531;28;0.34638457514345644
2532;28;0.29917932450771334
2533;28;0.30512669540941717
2534;28;0.3061523823440075
2535;28;0.2816822834312916
2536;28;0.2791482442617416
2537;28;0.3125330302864313
2538;28;0.20381251357495786
2539;28;0.2553558434545994
2540;28;0.23982324615120887
2541;28;0.2216732431948185
2542;28;0.19675397627055646
2543;28;0.23383492670953274
2544;28;0.19103632681071758
2545;28;0.23838225342333316
2546;28;0.20283678233623503
2547;28;0.12194265067577362
2548;28;0.2089163462817669
2549;28;0.15857803463935852
2550;28;0.12165605887770653
2551;28;0.1725230832397938
2552;28;0.17712799236178398
2553;28;0.054010406360030176
2554;28;0.17112685963511468
2555;28;0.14834188655018807
2556;28;0.09066791474819183
2557;28;0.16329765103757382
2558;28;0.1176215336471796
2559;28;0.09628790110349655
2560;28;0.08301933623850345
2561;28;0.14740952730178833
2562;28;0.10858216673135758
2563;28;0.07896029531955719
2564;28;0.06665791518986225
2565;28;0.09316363088786601
2566;28;0.08071023121476173
2567;28;0.05292469032108784
2568;28;0.08326134733855724
2569;28;0.07858014538884163
2570;28;0.09244353331625461
2571;28;0.040664289891719815
2572;28;0.08171525470912457
2573;28;0.03838150754570961
2574;28;0.05156568668782711
2575;28;0.0774267653375864
2576;28;0.03372658714652062
2577;28;0.02802710734307766
2578;28;0.02231610842049122
2579;28;0.05658823184669018
2580;28;0.03647889509797096
2581;28;0.06980947032570839
2582;28;0.029489928632974626
2583;28;0.0237052483856678
2584;28;0.026001493707299234
2585;28;0.03386370465159416
2586;28;0.04500076241791248
2587;28;0.00958493359386921
2588;28;0.02387047350406647
2589;28;0.09754516616463661
2590;28;0.05218596287071705
2591;28;0.012302968204021453
2592;28;0.010218157842755317
2593;28;0.015142122805118561
2594;28;0.02772356316447258
2595;28;0.06830587275326253
2596;28;0.014738589823246002
2597;28;0.008945437669754029
2598;28;0.0013250598311424255
2599;28;0.005213204026222229
2600;28;0.007785283774137497
2601;28;0.0023344704508781434
2602;28;0.0027622255682945253
2603;28;0.00499753937125206
2604;28;0.0005404061079025269
2605;28;0.002119966894388199
2606;28;0.008863181620836259
2607;28;0.004389141499996185
2608;28;0.0025855919718742373
2609;28;0.004192580729722977
2610;29;0.6888664239645004
2611;29;0.6870561707019806
2612;29;0.6727340230345726
2613;29;0.6584590026736259
2614;29;0.5799838139116764
2615;29;0.5788372595608234
2616;29;0.46810246288776397
2617;29;0.4976427215337753
2618;29;0.4763363091647625
2619;29;0.4404697060585022
2620;29;0.4056910491734743
2621;29;0.35404987514019015
2622;29;0.3288846533000469
2623;29;0.3353187055885792
2624;29;0.3681358896195889
2625;29;0.26164458878338337
2626;29;0.31722363375127316
2627;29;0.28126710541546346
2628;29;0.2770535948872566
2629;29;0.2217539881169796
2630;29;0.3033626598119736
2631;29;0.1598329734057188
2632;29;0.25014944568276404
2633;29;0.2807606715708971
2634;29;0.19166332617402076
2635;29;0.15380874991416932
2636;29;0.2675552715361118
2637;29;0.16432580254971982
2638;29;0.20527117371559142
2639;29;0.16046458728611468
2640;29;0.13177011720836163
2641;29;0.16383777886629106
2642;29;0.20156915672123432
2643;29;0.12681866399943828
2644;29;0.09698419086635113
2645;29;0.12190596520900726
2646;29;0.10459286771714688
2647;29;0.16242422580718993
2648;29;0.16172231256961822
2649;29;0.0930802185088396
2650;29;0.11881779678165913
2651;29;0.09096931800246238
2652;29;0.11046777293086052
2653;29;0.05941562995314598
2654;29;0.09270494066178799
2655;29;0.061557188257575036
2656;29;0.11041839100420475
2657;29;0.13514229521155358
2658;29;0.07489415287971496
2659;29;0.0807181254029274
2660;29;0.07672308228909969
2661;29;0.08083492591977119
2662;29;0.07868477217853069
2663;29;0.05146086670458317
2664;29;0.0656286159157753
2665;29;0.02728406175971031
2666;29;0.02828835278749466
2667;29;0.021912274211645127
2668;29;0.019586033076047896
2669;29;0.059300246983766555
2670;29;0.03669460028409958
2671;29;0.0638487298041582
2672;29;0.02834608979523182
2673;29;0.0300022254884243
2674;29;0.07730217203497887
2675;29;0.06050613790750504
2676;29;0.031247722953557967
2677;29;0.06501333519816399
2678;29;0.04322142392396927
2679;29;0.05681445986032486
2680;29;0.03003517657518387
2681;29;0.048674364909529685
2682;29;0.08815735876560211
2683;29;0.03713048696517944
2684;29;0.039856407791376114
2685;29;0.03149636946618557
2686;29;0.038074706941843034
2687;29;0.03436793245375156
2688;29;0.026662781313061715
2689;29;0.01362807147204876
2690;29;0.020260139554738998
2691;29;0.014230530112981796
2692;29;0.06265420578420162
2693;29;0.029733606427907944
2694;29;0.02075349435210228
2695;29;0.05993912629783153
2696;29;0.03143240846693516
2697;29;0.04450523667037487
2698;29;0.057149507328867914
2699;29;0.044528367072343825
